0x1d,0xc5 0x9c 0x3a 0x2d 0xbd 0x62 0x14 0xd1
0x567,0x55
0x57,0xb2 0x67
0x690,0xa1 0xd6 0xc 0xd6 0x95 0x66 0x4c
0x46e,0xb5 0x1d 0x8e 0xb 0x54 0x16 0xdc 0xc
0x3bf,0x24 0xe3 0xa8 0x21 0xbe 0x8f
0x3e7,0xea 0xfb 0x19 0xfd 0xbf 0x39 0x2f 0xfe
0x3a2,0xd7 0xa3 0xa8 0xdc 0xec 0xbf 0x3 0x38
0x168,0xd3 0x2 0xf2 0x2e 0x28 0x61 0x56 0x6e
0x1af,0x37 0x6f 0xb7 0x1b 0x24
0x7b1,0xac 0x31 0x96 0x5a 0xd6 0xc1 0x7a 0xba
0x72e,0x1c 0xa 0x42 0x9f 0xfc 0xba 0xdf
0x7b9,0x29
0x212,0x74 0xd9 0x9
0x779,0xb6
